viewname,viewnum,frame,path
HC3,1,0,C:\Users\lit\Desktop\Auditorium\view-HC3\000.jpg
HC3,1,1,C:\Users\lit\Desktop\Auditorium\view-HC3\001.jpg
HC3,1,2,C:\Users\lit\Desktop\Auditorium\view-HC3\002.jpg
HC3,1,3,C:\Users\lit\Desktop\Auditorium\view-HC3\003.jpg
HC3,1,4,C:\Users\lit\Desktop\Auditorium\view-HC3\004.jpg
HC3,1,5,C:\Users\lit\Desktop\Auditorium\view-HC3\005.jpg
HC3,1,6,C:\Users\lit\Desktop\Auditorium\view-HC3\006.jpg
HC3,1,7,C:\Users\lit\Desktop\Auditorium\view-HC3\007.jpg
HC3,1,8,C:\Users\lit\Desktop\Auditorium\view-HC3\008.jpg
HC3,1,9,C:\Users\lit\Desktop\Auditorium\view-HC3\009.jpg
HC3,1,10,C:\Users\lit\Desktop\Auditorium\view-HC3\010.jpg
HC3,1,11,C:\Users\lit\Desktop\Auditorium\view-HC3\011.jpg
HC3,1,12,C:\Users\lit\Desktop\Auditorium\view-HC3\012.jpg
HC3,1,13,C:\Users\lit\Desktop\Auditorium\view-HC3\013.jpg
HC3,1,14,C:\Users\lit\Desktop\Auditorium\view-HC3\014.jpg
HC3,1,15,C:\Users\lit\Desktop\Auditorium\view-HC3\015.jpg
HC3,1,16,C:\Users\lit\Desktop\Auditorium\view-HC3\016.jpg
HC3,1,17,C:\Users\lit\Desktop\Auditorium\view-HC3\017.jpg
HC3,1,18,C:\Users\lit\Desktop\Auditorium\view-HC3\018.jpg
HC3,1,19,C:\Users\lit\Desktop\Auditorium\view-HC3\019.jpg
HC3,1,20,C:\Users\lit\Desktop\Auditorium\view-HC3\020.jpg
HC3,1,21,C:\Users\lit\Desktop\Auditorium\view-HC3\021.jpg
HC3,1,22,C:\Users\lit\Desktop\Auditorium\view-HC3\022.jpg
HC3,1,23,C:\Users\lit\Desktop\Auditorium\view-HC3\023.jpg
HC3,1,24,C:\Users\lit\Desktop\Auditorium\view-HC3\024.jpg
HC3,1,25,C:\Users\lit\Desktop\Auditorium\view-HC3\025.jpg
HC3,1,26,C:\Users\lit\Desktop\Auditorium\view-HC3\026.jpg
HC3,1,27,C:\Users\lit\Desktop\Auditorium\view-HC3\027.jpg
HC3,1,28,C:\Users\lit\Desktop\Auditorium\view-HC3\028.jpg
HC3,1,29,C:\Users\lit\Desktop\Auditorium\view-HC3\029.jpg
HC3,1,30,C:\Users\lit\Desktop\Auditorium\view-HC3\030.jpg
HC3,1,31,C:\Users\lit\Desktop\Auditorium\view-HC3\031.jpg
HC3,1,32,C:\Users\lit\Desktop\Auditorium\view-HC3\032.jpg
HC3,1,33,C:\Users\lit\Desktop\Auditorium\view-HC3\033.jpg
HC3,1,34,C:\Users\lit\Desktop\Auditorium\view-HC3\034.jpg
HC3,1,35,C:\Users\lit\Desktop\Auditorium\view-HC3\035.jpg
HC3,1,36,C:\Users\lit\Desktop\Auditorium\view-HC3\036.jpg
HC3,1,37,C:\Users\lit\Desktop\Auditorium\view-HC3\037.jpg
HC3,1,38,C:\Users\lit\Desktop\Auditorium\view-HC3\038.jpg
HC3,1,39,C:\Users\lit\Desktop\Auditorium\view-HC3\039.jpg
HC3,1,40,C:\Users\lit\Desktop\Auditorium\view-HC3\040.jpg
HC3,1,41,C:\Users\lit\Desktop\Auditorium\view-HC3\041.jpg
HC3,1,42,C:\Users\lit\Desktop\Auditorium\view-HC3\042.jpg
HC3,1,43,C:\Users\lit\Desktop\Auditorium\view-HC3\043.jpg
HC3,1,44,C:\Users\lit\Desktop\Auditorium\view-HC3\044.jpg
HC3,1,45,C:\Users\lit\Desktop\Auditorium\view-HC3\045.jpg
HC3,1,46,C:\Users\lit\Desktop\Auditorium\view-HC3\046.jpg
HC3,1,47,C:\Users\lit\Desktop\Auditorium\view-HC3\047.jpg
HC3,1,48,C:\Users\lit\Desktop\Auditorium\view-HC3\048.jpg
HC3,1,49,C:\Users\lit\Desktop\Auditorium\view-HC3\049.jpg
HC3,1,50,C:\Users\lit\Desktop\Auditorium\view-HC3\050.jpg
HC3,1,51,C:\Users\lit\Desktop\Auditorium\view-HC3\051.jpg
HC3,1,52,C:\Users\lit\Desktop\Auditorium\view-HC3\052.jpg
HC3,1,53,C:\Users\lit\Desktop\Auditorium\view-HC3\053.jpg
HC3,1,54,C:\Users\lit\Desktop\Auditorium\view-HC3\054.jpg
HC3,1,55,C:\Users\lit\Desktop\Auditorium\view-HC3\055.jpg
HC3,1,56,C:\Users\lit\Desktop\Auditorium\view-HC3\056.jpg
HC3,1,57,C:\Users\lit\Desktop\Auditorium\view-HC3\057.jpg
HC3,1,58,C:\Users\lit\Desktop\Auditorium\view-HC3\058.jpg
HC3,1,59,C:\Users\lit\Desktop\Auditorium\view-HC3\059.jpg
HC3,1,60,C:\Users\lit\Desktop\Auditorium\view-HC3\060.jpg
HC3,1,61,C:\Users\lit\Desktop\Auditorium\view-HC3\061.jpg
HC3,1,62,C:\Users\lit\Desktop\Auditorium\view-HC3\062.jpg
HC3,1,63,C:\Users\lit\Desktop\Auditorium\view-HC3\063.jpg
HC3,1,64,C:\Users\lit\Desktop\Auditorium\view-HC3\064.jpg
HC3,1,65,C:\Users\lit\Desktop\Auditorium\view-HC3\065.jpg
HC3,1,66,C:\Users\lit\Desktop\Auditorium\view-HC3\066.jpg
HC3,1,67,C:\Users\lit\Desktop\Auditorium\view-HC3\067.jpg
HC3,1,68,C:\Users\lit\Desktop\Auditorium\view-HC3\068.jpg
HC3,1,69,C:\Users\lit\Desktop\Auditorium\view-HC3\069.jpg
HC3,1,70,C:\Users\lit\Desktop\Auditorium\view-HC3\070.jpg
HC3,1,71,C:\Users\lit\Desktop\Auditorium\view-HC3\071.jpg
HC3,1,72,C:\Users\lit\Desktop\Auditorium\view-HC3\072.jpg
HC3,1,73,C:\Users\lit\Desktop\Auditorium\view-HC3\073.jpg
HC3,1,74,C:\Users\lit\Desktop\Auditorium\view-HC3\074.jpg
HC3,1,75,C:\Users\lit\Desktop\Auditorium\view-HC3\075.jpg
HC3,1,76,C:\Users\lit\Desktop\Auditorium\view-HC3\076.jpg
HC3,1,77,C:\Users\lit\Desktop\Auditorium\view-HC3\077.jpg
HC3,1,78,C:\Users\lit\Desktop\Auditorium\view-HC3\078.jpg
HC3,1,79,C:\Users\lit\Desktop\Auditorium\view-HC3\079.jpg
HC3,1,80,C:\Users\lit\Desktop\Auditorium\view-HC3\080.jpg
HC3,1,81,C:\Users\lit\Desktop\Auditorium\view-HC3\081.jpg
HC3,1,82,C:\Users\lit\Desktop\Auditorium\view-HC3\082.jpg
HC3,1,83,C:\Users\lit\Desktop\Auditorium\view-HC3\083.jpg
HC3,1,84,C:\Users\lit\Desktop\Auditorium\view-HC3\084.jpg
HC3,1,85,C:\Users\lit\Desktop\Auditorium\view-HC3\085.jpg
HC3,1,86,C:\Users\lit\Desktop\Auditorium\view-HC3\086.jpg
HC3,1,87,C:\Users\lit\Desktop\Auditorium\view-HC3\087.jpg
HC3,1,88,C:\Users\lit\Desktop\Auditorium\view-HC3\088.jpg
HC3,1,89,C:\Users\lit\Desktop\Auditorium\view-HC3\089.jpg
HC3,1,90,C:\Users\lit\Desktop\Auditorium\view-HC3\090.jpg
HC3,1,91,C:\Users\lit\Desktop\Auditorium\view-HC3\091.jpg
HC3,1,92,C:\Users\lit\Desktop\Auditorium\view-HC3\092.jpg
HC3,1,93,C:\Users\lit\Desktop\Auditorium\view-HC3\093.jpg
HC3,1,94,C:\Users\lit\Desktop\Auditorium\view-HC3\094.jpg
HC3,1,95,C:\Users\lit\Desktop\Auditorium\view-HC3\095.jpg
HC3,1,96,C:\Users\lit\Desktop\Auditorium\view-HC3\096.jpg
HC3,1,97,C:\Users\lit\Desktop\Auditorium\view-HC3\097.jpg
HC3,1,98,C:\Users\lit\Desktop\Auditorium\view-HC3\098.jpg
HC3,1,99,C:\Users\lit\Desktop\Auditorium\view-HC3\099.jpg
HC3,1,100,C:\Users\lit\Desktop\Auditorium\view-HC3\100.jpg
HC3,1,101,C:\Users\lit\Desktop\Auditorium\view-HC3\101.jpg
HC3,1,102,C:\Users\lit\Desktop\Auditorium\view-HC3\102.jpg
HC3,1,103,C:\Users\lit\Desktop\Auditorium\view-HC3\103.jpg
HC3,1,104,C:\Users\lit\Desktop\Auditorium\view-HC3\104.jpg
HC3,1,105,C:\Users\lit\Desktop\Auditorium\view-HC3\105.jpg
HC3,1,106,C:\Users\lit\Desktop\Auditorium\view-HC3\106.jpg
HC3,1,107,C:\Users\lit\Desktop\Auditorium\view-HC3\107.jpg
HC3,1,108,C:\Users\lit\Desktop\Auditorium\view-HC3\108.jpg
HC3,1,109,C:\Users\lit\Desktop\Auditorium\view-HC3\109.jpg
HC3,1,110,C:\Users\lit\Desktop\Auditorium\view-HC3\110.jpg
HC3,1,111,C:\Users\lit\Desktop\Auditorium\view-HC3\111.jpg
HC3,1,112,C:\Users\lit\Desktop\Auditorium\view-HC3\112.jpg
HC3,1,113,C:\Users\lit\Desktop\Auditorium\view-HC3\113.jpg
HC3,1,114,C:\Users\lit\Desktop\Auditorium\view-HC3\114.jpg
HC3,1,115,C:\Users\lit\Desktop\Auditorium\view-HC3\115.jpg
HC3,1,116,C:\Users\lit\Desktop\Auditorium\view-HC3\116.jpg
HC3,1,117,C:\Users\lit\Desktop\Auditorium\view-HC3\117.jpg
HC3,1,118,C:\Users\lit\Desktop\Auditorium\view-HC3\118.jpg
HC3,1,119,C:\Users\lit\Desktop\Auditorium\view-HC3\119.jpg
HC3,1,120,C:\Users\lit\Desktop\Auditorium\view-HC3\120.jpg
HC3,1,121,C:\Users\lit\Desktop\Auditorium\view-HC3\121.jpg
HC3,1,122,C:\Users\lit\Desktop\Auditorium\view-HC3\122.jpg
HC3,1,123,C:\Users\lit\Desktop\Auditorium\view-HC3\123.jpg
HC3,1,124,C:\Users\lit\Desktop\Auditorium\view-HC3\124.jpg
HC3,1,125,C:\Users\lit\Desktop\Auditorium\view-HC3\125.jpg
HC3,1,126,C:\Users\lit\Desktop\Auditorium\view-HC3\126.jpg
HC3,1,127,C:\Users\lit\Desktop\Auditorium\view-HC3\127.jpg
HC3,1,128,C:\Users\lit\Desktop\Auditorium\view-HC3\128.jpg
HC3,1,129,C:\Users\lit\Desktop\Auditorium\view-HC3\129.jpg
HC3,1,130,C:\Users\lit\Desktop\Auditorium\view-HC3\130.jpg
HC3,1,131,C:\Users\lit\Desktop\Auditorium\view-HC3\131.jpg
HC3,1,132,C:\Users\lit\Desktop\Auditorium\view-HC3\132.jpg
HC3,1,133,C:\Users\lit\Desktop\Auditorium\view-HC3\133.jpg
HC3,1,134,C:\Users\lit\Desktop\Auditorium\view-HC3\134.jpg
HC3,1,135,C:\Users\lit\Desktop\Auditorium\view-HC3\135.jpg
HC3,1,136,C:\Users\lit\Desktop\Auditorium\view-HC3\136.jpg
HC3,1,137,C:\Users\lit\Desktop\Auditorium\view-HC3\137.jpg
HC3,1,138,C:\Users\lit\Desktop\Auditorium\view-HC3\138.jpg
HC3,1,139,C:\Users\lit\Desktop\Auditorium\view-HC3\139.jpg
HC3,1,140,C:\Users\lit\Desktop\Auditorium\view-HC3\140.jpg
HC3,1,141,C:\Users\lit\Desktop\Auditorium\view-HC3\141.jpg
HC3,1,142,C:\Users\lit\Desktop\Auditorium\view-HC3\142.jpg
HC3,1,143,C:\Users\lit\Desktop\Auditorium\view-HC3\143.jpg
HC3,1,144,C:\Users\lit\Desktop\Auditorium\view-HC3\144.jpg
HC3,1,145,C:\Users\lit\Desktop\Auditorium\view-HC3\145.jpg
HC3,1,146,C:\Users\lit\Desktop\Auditorium\view-HC3\146.jpg
HC3,1,147,C:\Users\lit\Desktop\Auditorium\view-HC3\147.jpg
HC3,1,148,C:\Users\lit\Desktop\Auditorium\view-HC3\148.jpg
HC3,1,149,C:\Users\lit\Desktop\Auditorium\view-HC3\149.jpg
HC3,1,150,C:\Users\lit\Desktop\Auditorium\view-HC3\150.jpg
HC3,1,151,C:\Users\lit\Desktop\Auditorium\view-HC3\151.jpg
HC3,1,152,C:\Users\lit\Desktop\Auditorium\view-HC3\152.jpg
HC3,1,153,C:\Users\lit\Desktop\Auditorium\view-HC3\153.jpg
HC3,1,154,C:\Users\lit\Desktop\Auditorium\view-HC3\154.jpg
HC3,1,155,C:\Users\lit\Desktop\Auditorium\view-HC3\155.jpg
HC3,1,156,C:\Users\lit\Desktop\Auditorium\view-HC3\156.jpg
HC3,1,157,C:\Users\lit\Desktop\Auditorium\view-HC3\157.jpg
HC3,1,158,C:\Users\lit\Desktop\Auditorium\view-HC3\158.jpg
HC3,1,159,C:\Users\lit\Desktop\Auditorium\view-HC3\159.jpg
HC3,1,160,C:\Users\lit\Desktop\Auditorium\view-HC3\160.jpg
HC3,1,161,C:\Users\lit\Desktop\Auditorium\view-HC3\161.jpg
HC3,1,162,C:\Users\lit\Desktop\Auditorium\view-HC3\162.jpg
HC3,1,163,C:\Users\lit\Desktop\Auditorium\view-HC3\163.jpg
HC3,1,164,C:\Users\lit\Desktop\Auditorium\view-HC3\164.jpg
HC3,1,165,C:\Users\lit\Desktop\Auditorium\view-HC3\165.jpg
HC3,1,166,C:\Users\lit\Desktop\Auditorium\view-HC3\166.jpg
HC3,1,167,C:\Users\lit\Desktop\Auditorium\view-HC3\167.jpg
HC3,1,168,C:\Users\lit\Desktop\Auditorium\view-HC3\168.jpg
HC3,1,169,C:\Users\lit\Desktop\Auditorium\view-HC3\169.jpg
HC3,1,170,C:\Users\lit\Desktop\Auditorium\view-HC3\170.jpg
HC3,1,171,C:\Users\lit\Desktop\Auditorium\view-HC3\171.jpg
HC3,1,172,C:\Users\lit\Desktop\Auditorium\view-HC3\172.jpg
HC3,1,173,C:\Users\lit\Desktop\Auditorium\view-HC3\173.jpg
HC3,1,174,C:\Users\lit\Desktop\Auditorium\view-HC3\174.jpg
HC3,1,175,C:\Users\lit\Desktop\Auditorium\view-HC3\175.jpg
HC3,1,176,C:\Users\lit\Desktop\Auditorium\view-HC3\176.jpg
HC3,1,177,C:\Users\lit\Desktop\Auditorium\view-HC3\177.jpg
HC3,1,178,C:\Users\lit\Desktop\Auditorium\view-HC3\178.jpg
HC3,1,179,C:\Users\lit\Desktop\Auditorium\view-HC3\179.jpg
HC3,1,180,C:\Users\lit\Desktop\Auditorium\view-HC3\180.jpg
HC3,1,181,C:\Users\lit\Desktop\Auditorium\view-HC3\181.jpg
HC3,1,182,C:\Users\lit\Desktop\Auditorium\view-HC3\182.jpg
HC4,2,0,C:\Users\lit\Desktop\Auditorium\view-HC4\000.jpg
HC4,2,1,C:\Users\lit\Desktop\Auditorium\view-HC4\001.jpg
HC4,2,2,C:\Users\lit\Desktop\Auditorium\view-HC4\002.jpg
HC4,2,3,C:\Users\lit\Desktop\Auditorium\view-HC4\003.jpg
HC4,2,4,C:\Users\lit\Desktop\Auditorium\view-HC4\004.jpg
HC4,2,5,C:\Users\lit\Desktop\Auditorium\view-HC4\005.jpg
HC4,2,6,C:\Users\lit\Desktop\Auditorium\view-HC4\006.jpg
HC4,2,7,C:\Users\lit\Desktop\Auditorium\view-HC4\007.jpg
HC4,2,8,C:\Users\lit\Desktop\Auditorium\view-HC4\008.jpg
HC4,2,9,C:\Users\lit\Desktop\Auditorium\view-HC4\009.jpg
HC4,2,10,C:\Users\lit\Desktop\Auditorium\view-HC4\010.jpg
HC4,2,11,C:\Users\lit\Desktop\Auditorium\view-HC4\011.jpg
HC4,2,12,C:\Users\lit\Desktop\Auditorium\view-HC4\012.jpg
HC4,2,13,C:\Users\lit\Desktop\Auditorium\view-HC4\013.jpg
HC4,2,14,C:\Users\lit\Desktop\Auditorium\view-HC4\014.jpg
HC4,2,15,C:\Users\lit\Desktop\Auditorium\view-HC4\015.jpg
HC4,2,16,C:\Users\lit\Desktop\Auditorium\view-HC4\016.jpg
HC4,2,17,C:\Users\lit\Desktop\Auditorium\view-HC4\017.jpg
HC4,2,18,C:\Users\lit\Desktop\Auditorium\view-HC4\018.jpg
HC4,2,19,C:\Users\lit\Desktop\Auditorium\view-HC4\019.jpg
HC4,2,20,C:\Users\lit\Desktop\Auditorium\view-HC4\020.jpg
HC4,2,21,C:\Users\lit\Desktop\Auditorium\view-HC4\021.jpg
HC4,2,22,C:\Users\lit\Desktop\Auditorium\view-HC4\022.jpg
HC4,2,23,C:\Users\lit\Desktop\Auditorium\view-HC4\023.jpg
HC4,2,24,C:\Users\lit\Desktop\Auditorium\view-HC4\024.jpg
HC4,2,25,C:\Users\lit\Desktop\Auditorium\view-HC4\025.jpg
HC4,2,26,C:\Users\lit\Desktop\Auditorium\view-HC4\026.jpg
HC4,2,27,C:\Users\lit\Desktop\Auditorium\view-HC4\027.jpg
HC4,2,28,C:\Users\lit\Desktop\Auditorium\view-HC4\028.jpg
HC4,2,29,C:\Users\lit\Desktop\Auditorium\view-HC4\029.jpg
HC4,2,30,C:\Users\lit\Desktop\Auditorium\view-HC4\030.jpg
HC4,2,31,C:\Users\lit\Desktop\Auditorium\view-HC4\031.jpg
HC4,2,32,C:\Users\lit\Desktop\Auditorium\view-HC4\032.jpg
HC4,2,33,C:\Users\lit\Desktop\Auditorium\view-HC4\033.jpg
HC4,2,34,C:\Users\lit\Desktop\Auditorium\view-HC4\034.jpg
HC4,2,35,C:\Users\lit\Desktop\Auditorium\view-HC4\035.jpg
HC4,2,36,C:\Users\lit\Desktop\Auditorium\view-HC4\036.jpg
HC4,2,37,C:\Users\lit\Desktop\Auditorium\view-HC4\037.jpg
HC4,2,38,C:\Users\lit\Desktop\Auditorium\view-HC4\038.jpg
HC4,2,39,C:\Users\lit\Desktop\Auditorium\view-HC4\039.jpg
HC4,2,40,C:\Users\lit\Desktop\Auditorium\view-HC4\040.jpg
HC4,2,41,C:\Users\lit\Desktop\Auditorium\view-HC4\041.jpg
HC4,2,42,C:\Users\lit\Desktop\Auditorium\view-HC4\042.jpg
HC4,2,43,C:\Users\lit\Desktop\Auditorium\view-HC4\043.jpg
HC4,2,44,C:\Users\lit\Desktop\Auditorium\view-HC4\044.jpg
HC4,2,45,C:\Users\lit\Desktop\Auditorium\view-HC4\045.jpg
HC4,2,46,C:\Users\lit\Desktop\Auditorium\view-HC4\046.jpg
HC4,2,47,C:\Users\lit\Desktop\Auditorium\view-HC4\047.jpg
HC4,2,48,C:\Users\lit\Desktop\Auditorium\view-HC4\048.jpg
HC4,2,49,C:\Users\lit\Desktop\Auditorium\view-HC4\049.jpg
HC4,2,50,C:\Users\lit\Desktop\Auditorium\view-HC4\050.jpg
HC4,2,51,C:\Users\lit\Desktop\Auditorium\view-HC4\051.jpg
HC4,2,52,C:\Users\lit\Desktop\Auditorium\view-HC4\052.jpg
HC4,2,53,C:\Users\lit\Desktop\Auditorium\view-HC4\053.jpg
HC4,2,54,C:\Users\lit\Desktop\Auditorium\view-HC4\054.jpg
HC4,2,55,C:\Users\lit\Desktop\Auditorium\view-HC4\055.jpg
HC4,2,56,C:\Users\lit\Desktop\Auditorium\view-HC4\056.jpg
HC4,2,57,C:\Users\lit\Desktop\Auditorium\view-HC4\057.jpg
HC4,2,58,C:\Users\lit\Desktop\Auditorium\view-HC4\058.jpg
HC4,2,59,C:\Users\lit\Desktop\Auditorium\view-HC4\059.jpg
HC4,2,60,C:\Users\lit\Desktop\Auditorium\view-HC4\060.jpg
HC4,2,61,C:\Users\lit\Desktop\Auditorium\view-HC4\061.jpg
HC4,2,62,C:\Users\lit\Desktop\Auditorium\view-HC4\062.jpg
HC4,2,63,C:\Users\lit\Desktop\Auditorium\view-HC4\063.jpg
HC4,2,64,C:\Users\lit\Desktop\Auditorium\view-HC4\064.jpg
HC4,2,65,C:\Users\lit\Desktop\Auditorium\view-HC4\065.jpg
HC4,2,66,C:\Users\lit\Desktop\Auditorium\view-HC4\066.jpg
HC4,2,67,C:\Users\lit\Desktop\Auditorium\view-HC4\067.jpg
HC4,2,68,C:\Users\lit\Desktop\Auditorium\view-HC4\068.jpg
HC4,2,69,C:\Users\lit\Desktop\Auditorium\view-HC4\069.jpg
HC4,2,70,C:\Users\lit\Desktop\Auditorium\view-HC4\070.jpg
HC4,2,71,C:\Users\lit\Desktop\Auditorium\view-HC4\071.jpg
HC4,2,72,C:\Users\lit\Desktop\Auditorium\view-HC4\072.jpg
HC4,2,73,C:\Users\lit\Desktop\Auditorium\view-HC4\073.jpg
HC4,2,74,C:\Users\lit\Desktop\Auditorium\view-HC4\074.jpg
HC4,2,75,C:\Users\lit\Desktop\Auditorium\view-HC4\075.jpg
HC4,2,76,C:\Users\lit\Desktop\Auditorium\view-HC4\076.jpg
HC4,2,77,C:\Users\lit\Desktop\Auditorium\view-HC4\077.jpg
HC4,2,78,C:\Users\lit\Desktop\Auditorium\view-HC4\078.jpg
HC4,2,79,C:\Users\lit\Desktop\Auditorium\view-HC4\079.jpg
HC4,2,80,C:\Users\lit\Desktop\Auditorium\view-HC4\080.jpg
HC4,2,81,C:\Users\lit\Desktop\Auditorium\view-HC4\081.jpg
HC4,2,82,C:\Users\lit\Desktop\Auditorium\view-HC4\082.jpg
HC4,2,83,C:\Users\lit\Desktop\Auditorium\view-HC4\083.jpg
HC4,2,84,C:\Users\lit\Desktop\Auditorium\view-HC4\084.jpg
HC4,2,85,C:\Users\lit\Desktop\Auditorium\view-HC4\085.jpg
HC4,2,86,C:\Users\lit\Desktop\Auditorium\view-HC4\086.jpg
HC4,2,87,C:\Users\lit\Desktop\Auditorium\view-HC4\087.jpg
HC4,2,88,C:\Users\lit\Desktop\Auditorium\view-HC4\088.jpg
HC4,2,89,C:\Users\lit\Desktop\Auditorium\view-HC4\089.jpg
HC4,2,90,C:\Users\lit\Desktop\Auditorium\view-HC4\090.jpg
HC4,2,91,C:\Users\lit\Desktop\Auditorium\view-HC4\091.jpg
HC4,2,92,C:\Users\lit\Desktop\Auditorium\view-HC4\092.jpg
HC4,2,93,C:\Users\lit\Desktop\Auditorium\view-HC4\093.jpg
HC4,2,94,C:\Users\lit\Desktop\Auditorium\view-HC4\094.jpg
HC4,2,95,C:\Users\lit\Desktop\Auditorium\view-HC4\095.jpg
HC4,2,96,C:\Users\lit\Desktop\Auditorium\view-HC4\096.jpg
HC4,2,97,C:\Users\lit\Desktop\Auditorium\view-HC4\097.jpg
HC4,2,98,C:\Users\lit\Desktop\Auditorium\view-HC4\098.jpg
HC4,2,99,C:\Users\lit\Desktop\Auditorium\view-HC4\099.jpg
HC4,2,100,C:\Users\lit\Desktop\Auditorium\view-HC4\100.jpg
HC4,2,101,C:\Users\lit\Desktop\Auditorium\view-HC4\101.jpg
HC4,2,102,C:\Users\lit\Desktop\Auditorium\view-HC4\102.jpg
HC4,2,103,C:\Users\lit\Desktop\Auditorium\view-HC4\103.jpg
HC4,2,104,C:\Users\lit\Desktop\Auditorium\view-HC4\104.jpg
HC4,2,105,C:\Users\lit\Desktop\Auditorium\view-HC4\105.jpg
HC4,2,106,C:\Users\lit\Desktop\Auditorium\view-HC4\106.jpg
HC4,2,107,C:\Users\lit\Desktop\Auditorium\view-HC4\107.jpg
HC4,2,108,C:\Users\lit\Desktop\Auditorium\view-HC4\108.jpg
HC4,2,109,C:\Users\lit\Desktop\Auditorium\view-HC4\109.jpg
HC4,2,110,C:\Users\lit\Desktop\Auditorium\view-HC4\110.jpg
HC4,2,111,C:\Users\lit\Desktop\Auditorium\view-HC4\111.jpg
HC4,2,112,C:\Users\lit\Desktop\Auditorium\view-HC4\112.jpg
HC4,2,113,C:\Users\lit\Desktop\Auditorium\view-HC4\113.jpg
HC4,2,114,C:\Users\lit\Desktop\Auditorium\view-HC4\114.jpg
HC4,2,115,C:\Users\lit\Desktop\Auditorium\view-HC4\115.jpg
HC4,2,116,C:\Users\lit\Desktop\Auditorium\view-HC4\116.jpg
HC4,2,117,C:\Users\lit\Desktop\Auditorium\view-HC4\117.jpg
HC4,2,118,C:\Users\lit\Desktop\Auditorium\view-HC4\118.jpg
HC4,2,119,C:\Users\lit\Desktop\Auditorium\view-HC4\119.jpg
HC4,2,120,C:\Users\lit\Desktop\Auditorium\view-HC4\120.jpg
HC4,2,121,C:\Users\lit\Desktop\Auditorium\view-HC4\121.jpg
HC4,2,122,C:\Users\lit\Desktop\Auditorium\view-HC4\122.jpg
HC4,2,123,C:\Users\lit\Desktop\Auditorium\view-HC4\123.jpg
HC4,2,124,C:\Users\lit\Desktop\Auditorium\view-HC4\124.jpg
HC4,2,125,C:\Users\lit\Desktop\Auditorium\view-HC4\125.jpg
HC4,2,126,C:\Users\lit\Desktop\Auditorium\view-HC4\126.jpg
HC4,2,127,C:\Users\lit\Desktop\Auditorium\view-HC4\127.jpg
HC4,2,128,C:\Users\lit\Desktop\Auditorium\view-HC4\128.jpg
HC4,2,129,C:\Users\lit\Desktop\Auditorium\view-HC4\129.jpg
HC4,2,130,C:\Users\lit\Desktop\Auditorium\view-HC4\130.jpg
HC4,2,131,C:\Users\lit\Desktop\Auditorium\view-HC4\131.jpg
HC4,2,132,C:\Users\lit\Desktop\Auditorium\view-HC4\132.jpg
HC4,2,133,C:\Users\lit\Desktop\Auditorium\view-HC4\133.jpg
HC4,2,134,C:\Users\lit\Desktop\Auditorium\view-HC4\134.jpg
HC4,2,135,C:\Users\lit\Desktop\Auditorium\view-HC4\135.jpg
HC4,2,136,C:\Users\lit\Desktop\Auditorium\view-HC4\136.jpg
HC4,2,137,C:\Users\lit\Desktop\Auditorium\view-HC4\137.jpg
HC4,2,138,C:\Users\lit\Desktop\Auditorium\view-HC4\138.jpg
HC4,2,139,C:\Users\lit\Desktop\Auditorium\view-HC4\139.jpg
HC4,2,140,C:\Users\lit\Desktop\Auditorium\view-HC4\140.jpg
HC4,2,141,C:\Users\lit\Desktop\Auditorium\view-HC4\141.jpg
HC4,2,142,C:\Users\lit\Desktop\Auditorium\view-HC4\142.jpg
HC4,2,143,C:\Users\lit\Desktop\Auditorium\view-HC4\143.jpg
HC4,2,144,C:\Users\lit\Desktop\Auditorium\view-HC4\144.jpg
HC4,2,145,C:\Users\lit\Desktop\Auditorium\view-HC4\145.jpg
HC4,2,146,C:\Users\lit\Desktop\Auditorium\view-HC4\146.jpg
HC4,2,147,C:\Users\lit\Desktop\Auditorium\view-HC4\147.jpg
HC4,2,148,C:\Users\lit\Desktop\Auditorium\view-HC4\148.jpg
HC4,2,149,C:\Users\lit\Desktop\Auditorium\view-HC4\149.jpg
HC4,2,150,C:\Users\lit\Desktop\Auditorium\view-HC4\150.jpg
HC4,2,151,C:\Users\lit\Desktop\Auditorium\view-HC4\151.jpg
HC4,2,152,C:\Users\lit\Desktop\Auditorium\view-HC4\152.jpg
HC4,2,153,C:\Users\lit\Desktop\Auditorium\view-HC4\153.jpg
HC4,2,154,C:\Users\lit\Desktop\Auditorium\view-HC4\154.jpg
HC4,2,155,C:\Users\lit\Desktop\Auditorium\view-HC4\155.jpg
HC4,2,156,C:\Users\lit\Desktop\Auditorium\view-HC4\156.jpg
HC4,2,157,C:\Users\lit\Desktop\Auditorium\view-HC4\157.jpg
HC4,2,158,C:\Users\lit\Desktop\Auditorium\view-HC4\158.jpg
HC4,2,159,C:\Users\lit\Desktop\Auditorium\view-HC4\159.jpg
HC4,2,160,C:\Users\lit\Desktop\Auditorium\view-HC4\160.jpg
HC4,2,161,C:\Users\lit\Desktop\Auditorium\view-HC4\161.jpg
HC4,2,162,C:\Users\lit\Desktop\Auditorium\view-HC4\162.jpg
HC4,2,163,C:\Users\lit\Desktop\Auditorium\view-HC4\163.jpg
HC4,2,164,C:\Users\lit\Desktop\Auditorium\view-HC4\164.jpg
HC4,2,165,C:\Users\lit\Desktop\Auditorium\view-HC4\165.jpg
HC4,2,166,C:\Users\lit\Desktop\Auditorium\view-HC4\166.jpg
HC4,2,167,C:\Users\lit\Desktop\Auditorium\view-HC4\167.jpg
HC4,2,168,C:\Users\lit\Desktop\Auditorium\view-HC4\168.jpg
HC4,2,169,C:\Users\lit\Desktop\Auditorium\view-HC4\169.jpg
HC4,2,170,C:\Users\lit\Desktop\Auditorium\view-HC4\170.jpg
HC4,2,171,C:\Users\lit\Desktop\Auditorium\view-HC4\171.jpg
HC4,2,172,C:\Users\lit\Desktop\Auditorium\view-HC4\172.jpg
HC4,2,173,C:\Users\lit\Desktop\Auditorium\view-HC4\173.jpg
HC4,2,174,C:\Users\lit\Desktop\Auditorium\view-HC4\174.jpg
HC4,2,175,C:\Users\lit\Desktop\Auditorium\view-HC4\175.jpg
HC4,2,176,C:\Users\lit\Desktop\Auditorium\view-HC4\176.jpg
HC4,2,177,C:\Users\lit\Desktop\Auditorium\view-HC4\177.jpg
HC4,2,178,C:\Users\lit\Desktop\Auditorium\view-HC4\178.jpg
HC4,2,179,C:\Users\lit\Desktop\Auditorium\view-HC4\179.jpg
HC4,2,180,C:\Users\lit\Desktop\Auditorium\view-HC4\180.jpg
HC4,2,181,C:\Users\lit\Desktop\Auditorium\view-HC4\181.jpg
HC4,2,182,C:\Users\lit\Desktop\Auditorium\view-HC4\182.jpg
IP2,3,0,C:\Users\lit\Desktop\Auditorium\view-IP2\000.jpg
IP2,3,1,C:\Users\lit\Desktop\Auditorium\view-IP2\001.jpg
IP2,3,2,C:\Users\lit\Desktop\Auditorium\view-IP2\002.jpg
IP2,3,3,C:\Users\lit\Desktop\Auditorium\view-IP2\003.jpg
IP2,3,4,C:\Users\lit\Desktop\Auditorium\view-IP2\004.jpg
IP2,3,5,C:\Users\lit\Desktop\Auditorium\view-IP2\005.jpg
IP2,3,6,C:\Users\lit\Desktop\Auditorium\view-IP2\006.jpg
IP2,3,7,C:\Users\lit\Desktop\Auditorium\view-IP2\007.jpg
IP2,3,8,C:\Users\lit\Desktop\Auditorium\view-IP2\008.jpg
IP2,3,9,C:\Users\lit\Desktop\Auditorium\view-IP2\009.jpg
IP2,3,10,C:\Users\lit\Desktop\Auditorium\view-IP2\010.jpg
IP2,3,11,C:\Users\lit\Desktop\Auditorium\view-IP2\011.jpg
IP2,3,12,C:\Users\lit\Desktop\Auditorium\view-IP2\012.jpg
IP2,3,13,C:\Users\lit\Desktop\Auditorium\view-IP2\013.jpg
IP2,3,14,C:\Users\lit\Desktop\Auditorium\view-IP2\014.jpg
IP2,3,15,C:\Users\lit\Desktop\Auditorium\view-IP2\015.jpg
IP2,3,16,C:\Users\lit\Desktop\Auditorium\view-IP2\016.jpg
IP2,3,17,C:\Users\lit\Desktop\Auditorium\view-IP2\017.jpg
IP2,3,18,C:\Users\lit\Desktop\Auditorium\view-IP2\018.jpg
IP2,3,19,C:\Users\lit\Desktop\Auditorium\view-IP2\019.jpg
IP2,3,20,C:\Users\lit\Desktop\Auditorium\view-IP2\020.jpg
IP2,3,21,C:\Users\lit\Desktop\Auditorium\view-IP2\021.jpg
IP2,3,22,C:\Users\lit\Desktop\Auditorium\view-IP2\022.jpg
IP2,3,23,C:\Users\lit\Desktop\Auditorium\view-IP2\023.jpg
IP2,3,24,C:\Users\lit\Desktop\Auditorium\view-IP2\024.jpg
IP2,3,25,C:\Users\lit\Desktop\Auditorium\view-IP2\025.jpg
IP2,3,26,C:\Users\lit\Desktop\Auditorium\view-IP2\026.jpg
IP2,3,27,C:\Users\lit\Desktop\Auditorium\view-IP2\027.jpg
IP2,3,28,C:\Users\lit\Desktop\Auditorium\view-IP2\028.jpg
IP2,3,29,C:\Users\lit\Desktop\Auditorium\view-IP2\029.jpg
IP2,3,30,C:\Users\lit\Desktop\Auditorium\view-IP2\030.jpg
IP2,3,31,C:\Users\lit\Desktop\Auditorium\view-IP2\031.jpg
IP2,3,32,C:\Users\lit\Desktop\Auditorium\view-IP2\032.jpg
IP2,3,33,C:\Users\lit\Desktop\Auditorium\view-IP2\033.jpg
IP2,3,34,C:\Users\lit\Desktop\Auditorium\view-IP2\034.jpg
IP2,3,35,C:\Users\lit\Desktop\Auditorium\view-IP2\035.jpg
IP2,3,36,C:\Users\lit\Desktop\Auditorium\view-IP2\036.jpg
IP2,3,37,C:\Users\lit\Desktop\Auditorium\view-IP2\037.jpg
IP2,3,38,C:\Users\lit\Desktop\Auditorium\view-IP2\038.jpg
IP2,3,39,C:\Users\lit\Desktop\Auditorium\view-IP2\039.jpg
IP2,3,40,C:\Users\lit\Desktop\Auditorium\view-IP2\040.jpg
IP2,3,41,C:\Users\lit\Desktop\Auditorium\view-IP2\041.jpg
IP2,3,42,C:\Users\lit\Desktop\Auditorium\view-IP2\042.jpg
IP2,3,43,C:\Users\lit\Desktop\Auditorium\view-IP2\043.jpg
IP2,3,44,C:\Users\lit\Desktop\Auditorium\view-IP2\044.jpg
IP2,3,45,C:\Users\lit\Desktop\Auditorium\view-IP2\045.jpg
IP2,3,46,C:\Users\lit\Desktop\Auditorium\view-IP2\046.jpg
IP2,3,47,C:\Users\lit\Desktop\Auditorium\view-IP2\047.jpg
IP2,3,48,C:\Users\lit\Desktop\Auditorium\view-IP2\048.jpg
IP2,3,49,C:\Users\lit\Desktop\Auditorium\view-IP2\049.jpg
IP2,3,50,C:\Users\lit\Desktop\Auditorium\view-IP2\050.jpg
IP2,3,51,C:\Users\lit\Desktop\Auditorium\view-IP2\051.jpg
IP2,3,52,C:\Users\lit\Desktop\Auditorium\view-IP2\052.jpg
IP2,3,53,C:\Users\lit\Desktop\Auditorium\view-IP2\053.jpg
IP2,3,54,C:\Users\lit\Desktop\Auditorium\view-IP2\054.jpg
IP2,3,55,C:\Users\lit\Desktop\Auditorium\view-IP2\055.jpg
IP2,3,56,C:\Users\lit\Desktop\Auditorium\view-IP2\056.jpg
IP2,3,57,C:\Users\lit\Desktop\Auditorium\view-IP2\057.jpg
IP2,3,58,C:\Users\lit\Desktop\Auditorium\view-IP2\058.jpg
IP2,3,59,C:\Users\lit\Desktop\Auditorium\view-IP2\059.jpg
IP2,3,60,C:\Users\lit\Desktop\Auditorium\view-IP2\060.jpg
IP2,3,61,C:\Users\lit\Desktop\Auditorium\view-IP2\061.jpg
IP2,3,62,C:\Users\lit\Desktop\Auditorium\view-IP2\062.jpg
IP2,3,63,C:\Users\lit\Desktop\Auditorium\view-IP2\063.jpg
IP2,3,64,C:\Users\lit\Desktop\Auditorium\view-IP2\064.jpg
IP2,3,65,C:\Users\lit\Desktop\Auditorium\view-IP2\065.jpg
IP2,3,66,C:\Users\lit\Desktop\Auditorium\view-IP2\066.jpg
IP2,3,67,C:\Users\lit\Desktop\Auditorium\view-IP2\067.jpg
IP2,3,68,C:\Users\lit\Desktop\Auditorium\view-IP2\068.jpg
IP2,3,69,C:\Users\lit\Desktop\Auditorium\view-IP2\069.jpg
IP2,3,70,C:\Users\lit\Desktop\Auditorium\view-IP2\070.jpg
IP2,3,71,C:\Users\lit\Desktop\Auditorium\view-IP2\071.jpg
IP2,3,72,C:\Users\lit\Desktop\Auditorium\view-IP2\072.jpg
IP2,3,73,C:\Users\lit\Desktop\Auditorium\view-IP2\073.jpg
IP2,3,74,C:\Users\lit\Desktop\Auditorium\view-IP2\074.jpg
IP2,3,75,C:\Users\lit\Desktop\Auditorium\view-IP2\075.jpg
IP2,3,76,C:\Users\lit\Desktop\Auditorium\view-IP2\076.jpg
IP2,3,77,C:\Users\lit\Desktop\Auditorium\view-IP2\077.jpg
IP2,3,78,C:\Users\lit\Desktop\Auditorium\view-IP2\078.jpg
IP2,3,79,C:\Users\lit\Desktop\Auditorium\view-IP2\079.jpg
IP2,3,80,C:\Users\lit\Desktop\Auditorium\view-IP2\080.jpg
IP2,3,81,C:\Users\lit\Desktop\Auditorium\view-IP2\081.jpg
IP2,3,82,C:\Users\lit\Desktop\Auditorium\view-IP2\082.jpg
IP2,3,83,C:\Users\lit\Desktop\Auditorium\view-IP2\083.jpg
IP2,3,84,C:\Users\lit\Desktop\Auditorium\view-IP2\084.jpg
IP2,3,85,C:\Users\lit\Desktop\Auditorium\view-IP2\085.jpg
IP2,3,86,C:\Users\lit\Desktop\Auditorium\view-IP2\086.jpg
IP2,3,87,C:\Users\lit\Desktop\Auditorium\view-IP2\087.jpg
IP2,3,88,C:\Users\lit\Desktop\Auditorium\view-IP2\088.jpg
IP2,3,89,C:\Users\lit\Desktop\Auditorium\view-IP2\089.jpg
IP2,3,90,C:\Users\lit\Desktop\Auditorium\view-IP2\090.jpg
IP2,3,91,C:\Users\lit\Desktop\Auditorium\view-IP2\091.jpg
IP2,3,92,C:\Users\lit\Desktop\Auditorium\view-IP2\092.jpg
IP2,3,93,C:\Users\lit\Desktop\Auditorium\view-IP2\093.jpg
IP2,3,94,C:\Users\lit\Desktop\Auditorium\view-IP2\094.jpg
IP2,3,95,C:\Users\lit\Desktop\Auditorium\view-IP2\095.jpg
IP2,3,96,C:\Users\lit\Desktop\Auditorium\view-IP2\096.jpg
IP2,3,97,C:\Users\lit\Desktop\Auditorium\view-IP2\097.jpg
IP2,3,98,C:\Users\lit\Desktop\Auditorium\view-IP2\098.jpg
IP2,3,99,C:\Users\lit\Desktop\Auditorium\view-IP2\099.jpg
IP2,3,100,C:\Users\lit\Desktop\Auditorium\view-IP2\100.jpg
IP2,3,101,C:\Users\lit\Desktop\Auditorium\view-IP2\101.jpg
IP2,3,102,C:\Users\lit\Desktop\Auditorium\view-IP2\102.jpg
IP2,3,103,C:\Users\lit\Desktop\Auditorium\view-IP2\103.jpg
IP2,3,104,C:\Users\lit\Desktop\Auditorium\view-IP2\104.jpg
IP2,3,105,C:\Users\lit\Desktop\Auditorium\view-IP2\105.jpg
IP2,3,106,C:\Users\lit\Desktop\Auditorium\view-IP2\106.jpg
IP2,3,107,C:\Users\lit\Desktop\Auditorium\view-IP2\107.jpg
IP2,3,108,C:\Users\lit\Desktop\Auditorium\view-IP2\108.jpg
IP2,3,109,C:\Users\lit\Desktop\Auditorium\view-IP2\109.jpg
IP2,3,110,C:\Users\lit\Desktop\Auditorium\view-IP2\110.jpg
IP2,3,111,C:\Users\lit\Desktop\Auditorium\view-IP2\111.jpg
IP2,3,112,C:\Users\lit\Desktop\Auditorium\view-IP2\112.jpg
IP2,3,113,C:\Users\lit\Desktop\Auditorium\view-IP2\113.jpg
IP2,3,114,C:\Users\lit\Desktop\Auditorium\view-IP2\114.jpg
IP2,3,115,C:\Users\lit\Desktop\Auditorium\view-IP2\115.jpg
IP2,3,116,C:\Users\lit\Desktop\Auditorium\view-IP2\116.jpg
IP2,3,117,C:\Users\lit\Desktop\Auditorium\view-IP2\117.jpg
IP2,3,118,C:\Users\lit\Desktop\Auditorium\view-IP2\118.jpg
IP2,3,119,C:\Users\lit\Desktop\Auditorium\view-IP2\119.jpg
IP2,3,120,C:\Users\lit\Desktop\Auditorium\view-IP2\120.jpg
IP2,3,121,C:\Users\lit\Desktop\Auditorium\view-IP2\121.jpg
IP2,3,122,C:\Users\lit\Desktop\Auditorium\view-IP2\122.jpg
IP2,3,123,C:\Users\lit\Desktop\Auditorium\view-IP2\123.jpg
IP2,3,124,C:\Users\lit\Desktop\Auditorium\view-IP2\124.jpg
IP2,3,125,C:\Users\lit\Desktop\Auditorium\view-IP2\125.jpg
IP2,3,126,C:\Users\lit\Desktop\Auditorium\view-IP2\126.jpg
IP2,3,127,C:\Users\lit\Desktop\Auditorium\view-IP2\127.jpg
IP2,3,128,C:\Users\lit\Desktop\Auditorium\view-IP2\128.jpg
IP2,3,129,C:\Users\lit\Desktop\Auditorium\view-IP2\129.jpg
IP2,3,130,C:\Users\lit\Desktop\Auditorium\view-IP2\130.jpg
IP2,3,131,C:\Users\lit\Desktop\Auditorium\view-IP2\131.jpg
IP2,3,132,C:\Users\lit\Desktop\Auditorium\view-IP2\132.jpg
IP2,3,133,C:\Users\lit\Desktop\Auditorium\view-IP2\133.jpg
IP2,3,134,C:\Users\lit\Desktop\Auditorium\view-IP2\134.jpg
IP2,3,135,C:\Users\lit\Desktop\Auditorium\view-IP2\135.jpg
IP2,3,136,C:\Users\lit\Desktop\Auditorium\view-IP2\136.jpg
IP2,3,137,C:\Users\lit\Desktop\Auditorium\view-IP2\137.jpg
IP2,3,138,C:\Users\lit\Desktop\Auditorium\view-IP2\138.jpg
IP2,3,139,C:\Users\lit\Desktop\Auditorium\view-IP2\139.jpg
IP2,3,140,C:\Users\lit\Desktop\Auditorium\view-IP2\140.jpg
IP2,3,141,C:\Users\lit\Desktop\Auditorium\view-IP2\141.jpg
IP2,3,142,C:\Users\lit\Desktop\Auditorium\view-IP2\142.jpg
IP2,3,143,C:\Users\lit\Desktop\Auditorium\view-IP2\143.jpg
IP2,3,144,C:\Users\lit\Desktop\Auditorium\view-IP2\144.jpg
IP2,3,145,C:\Users\lit\Desktop\Auditorium\view-IP2\145.jpg
IP2,3,146,C:\Users\lit\Desktop\Auditorium\view-IP2\146.jpg
IP2,3,147,C:\Users\lit\Desktop\Auditorium\view-IP2\147.jpg
IP2,3,148,C:\Users\lit\Desktop\Auditorium\view-IP2\148.jpg
IP2,3,149,C:\Users\lit\Desktop\Auditorium\view-IP2\149.jpg
IP2,3,150,C:\Users\lit\Desktop\Auditorium\view-IP2\150.jpg
IP2,3,151,C:\Users\lit\Desktop\Auditorium\view-IP2\151.jpg
IP2,3,152,C:\Users\lit\Desktop\Auditorium\view-IP2\152.jpg
IP2,3,153,C:\Users\lit\Desktop\Auditorium\view-IP2\153.jpg
IP2,3,154,C:\Users\lit\Desktop\Auditorium\view-IP2\154.jpg
IP2,3,155,C:\Users\lit\Desktop\Auditorium\view-IP2\155.jpg
IP2,3,156,C:\Users\lit\Desktop\Auditorium\view-IP2\156.jpg
IP2,3,157,C:\Users\lit\Desktop\Auditorium\view-IP2\157.jpg
IP2,3,158,C:\Users\lit\Desktop\Auditorium\view-IP2\158.jpg
IP2,3,159,C:\Users\lit\Desktop\Auditorium\view-IP2\159.jpg
IP2,3,160,C:\Users\lit\Desktop\Auditorium\view-IP2\160.jpg
IP2,3,161,C:\Users\lit\Desktop\Auditorium\view-IP2\161.jpg
IP2,3,162,C:\Users\lit\Desktop\Auditorium\view-IP2\162.jpg
IP2,3,163,C:\Users\lit\Desktop\Auditorium\view-IP2\163.jpg
IP2,3,164,C:\Users\lit\Desktop\Auditorium\view-IP2\164.jpg
IP2,3,165,C:\Users\lit\Desktop\Auditorium\view-IP2\165.jpg
IP2,3,166,C:\Users\lit\Desktop\Auditorium\view-IP2\166.jpg
IP2,3,167,C:\Users\lit\Desktop\Auditorium\view-IP2\167.jpg
IP2,3,168,C:\Users\lit\Desktop\Auditorium\view-IP2\168.jpg
IP2,3,169,C:\Users\lit\Desktop\Auditorium\view-IP2\169.jpg
IP2,3,170,C:\Users\lit\Desktop\Auditorium\view-IP2\170.jpg
IP2,3,171,C:\Users\lit\Desktop\Auditorium\view-IP2\171.jpg
IP2,3,172,C:\Users\lit\Desktop\Auditorium\view-IP2\172.jpg
IP2,3,173,C:\Users\lit\Desktop\Auditorium\view-IP2\173.jpg
IP2,3,174,C:\Users\lit\Desktop\Auditorium\view-IP2\174.jpg
IP2,3,175,C:\Users\lit\Desktop\Auditorium\view-IP2\175.jpg
IP2,3,176,C:\Users\lit\Desktop\Auditorium\view-IP2\176.jpg
IP2,3,177,C:\Users\lit\Desktop\Auditorium\view-IP2\177.jpg
IP2,3,178,C:\Users\lit\Desktop\Auditorium\view-IP2\178.jpg
IP2,3,179,C:\Users\lit\Desktop\Auditorium\view-IP2\179.jpg
IP2,3,180,C:\Users\lit\Desktop\Auditorium\view-IP2\180.jpg
IP2,3,181,C:\Users\lit\Desktop\Auditorium\view-IP2\181.jpg
IP2,3,182,C:\Users\lit\Desktop\Auditorium\view-IP2\182.jpg
IP5,4,0,C:\Users\lit\Desktop\Auditorium\view-IP5\000.jpg
IP5,4,1,C:\Users\lit\Desktop\Auditorium\view-IP5\001.jpg
IP5,4,2,C:\Users\lit\Desktop\Auditorium\view-IP5\002.jpg
IP5,4,3,C:\Users\lit\Desktop\Auditorium\view-IP5\003.jpg
IP5,4,4,C:\Users\lit\Desktop\Auditorium\view-IP5\004.jpg
IP5,4,5,C:\Users\lit\Desktop\Auditorium\view-IP5\005.jpg
IP5,4,6,C:\Users\lit\Desktop\Auditorium\view-IP5\006.jpg
IP5,4,7,C:\Users\lit\Desktop\Auditorium\view-IP5\007.jpg
IP5,4,8,C:\Users\lit\Desktop\Auditorium\view-IP5\008.jpg
IP5,4,9,C:\Users\lit\Desktop\Auditorium\view-IP5\009.jpg
IP5,4,10,C:\Users\lit\Desktop\Auditorium\view-IP5\010.jpg
IP5,4,11,C:\Users\lit\Desktop\Auditorium\view-IP5\011.jpg
IP5,4,12,C:\Users\lit\Desktop\Auditorium\view-IP5\012.jpg
IP5,4,13,C:\Users\lit\Desktop\Auditorium\view-IP5\013.jpg
IP5,4,14,C:\Users\lit\Desktop\Auditorium\view-IP5\014.jpg
IP5,4,15,C:\Users\lit\Desktop\Auditorium\view-IP5\015.jpg
IP5,4,16,C:\Users\lit\Desktop\Auditorium\view-IP5\016.jpg
IP5,4,17,C:\Users\lit\Desktop\Auditorium\view-IP5\017.jpg
IP5,4,18,C:\Users\lit\Desktop\Auditorium\view-IP5\018.jpg
IP5,4,19,C:\Users\lit\Desktop\Auditorium\view-IP5\019.jpg
IP5,4,20,C:\Users\lit\Desktop\Auditorium\view-IP5\020.jpg
IP5,4,21,C:\Users\lit\Desktop\Auditorium\view-IP5\021.jpg
IP5,4,22,C:\Users\lit\Desktop\Auditorium\view-IP5\022.jpg
IP5,4,23,C:\Users\lit\Desktop\Auditorium\view-IP5\023.jpg
IP5,4,24,C:\Users\lit\Desktop\Auditorium\view-IP5\024.jpg
IP5,4,25,C:\Users\lit\Desktop\Auditorium\view-IP5\025.jpg
IP5,4,26,C:\Users\lit\Desktop\Auditorium\view-IP5\026.jpg
IP5,4,27,C:\Users\lit\Desktop\Auditorium\view-IP5\027.jpg
IP5,4,28,C:\Users\lit\Desktop\Auditorium\view-IP5\028.jpg
IP5,4,29,C:\Users\lit\Desktop\Auditorium\view-IP5\029.jpg
IP5,4,30,C:\Users\lit\Desktop\Auditorium\view-IP5\030.jpg
IP5,4,31,C:\Users\lit\Desktop\Auditorium\view-IP5\031.jpg
IP5,4,32,C:\Users\lit\Desktop\Auditorium\view-IP5\032.jpg
IP5,4,33,C:\Users\lit\Desktop\Auditorium\view-IP5\033.jpg
IP5,4,34,C:\Users\lit\Desktop\Auditorium\view-IP5\034.jpg
IP5,4,35,C:\Users\lit\Desktop\Auditorium\view-IP5\035.jpg
IP5,4,36,C:\Users\lit\Desktop\Auditorium\view-IP5\036.jpg
IP5,4,37,C:\Users\lit\Desktop\Auditorium\view-IP5\037.jpg
IP5,4,38,C:\Users\lit\Desktop\Auditorium\view-IP5\038.jpg
IP5,4,39,C:\Users\lit\Desktop\Auditorium\view-IP5\039.jpg
IP5,4,40,C:\Users\lit\Desktop\Auditorium\view-IP5\040.jpg
IP5,4,41,C:\Users\lit\Desktop\Auditorium\view-IP5\041.jpg
IP5,4,42,C:\Users\lit\Desktop\Auditorium\view-IP5\042.jpg
IP5,4,43,C:\Users\lit\Desktop\Auditorium\view-IP5\043.jpg
IP5,4,44,C:\Users\lit\Desktop\Auditorium\view-IP5\044.jpg
IP5,4,45,C:\Users\lit\Desktop\Auditorium\view-IP5\045.jpg
IP5,4,46,C:\Users\lit\Desktop\Auditorium\view-IP5\046.jpg
IP5,4,47,C:\Users\lit\Desktop\Auditorium\view-IP5\047.jpg
IP5,4,48,C:\Users\lit\Desktop\Auditorium\view-IP5\048.jpg
IP5,4,49,C:\Users\lit\Desktop\Auditorium\view-IP5\049.jpg
IP5,4,50,C:\Users\lit\Desktop\Auditorium\view-IP5\050.jpg
IP5,4,51,C:\Users\lit\Desktop\Auditorium\view-IP5\051.jpg
IP5,4,52,C:\Users\lit\Desktop\Auditorium\view-IP5\052.jpg
IP5,4,53,C:\Users\lit\Desktop\Auditorium\view-IP5\053.jpg
IP5,4,54,C:\Users\lit\Desktop\Auditorium\view-IP5\054.jpg
IP5,4,55,C:\Users\lit\Desktop\Auditorium\view-IP5\055.jpg
IP5,4,56,C:\Users\lit\Desktop\Auditorium\view-IP5\056.jpg
IP5,4,57,C:\Users\lit\Desktop\Auditorium\view-IP5\057.jpg
IP5,4,58,C:\Users\lit\Desktop\Auditorium\view-IP5\058.jpg
IP5,4,59,C:\Users\lit\Desktop\Auditorium\view-IP5\059.jpg
IP5,4,60,C:\Users\lit\Desktop\Auditorium\view-IP5\060.jpg
IP5,4,61,C:\Users\lit\Desktop\Auditorium\view-IP5\061.jpg
IP5,4,62,C:\Users\lit\Desktop\Auditorium\view-IP5\062.jpg
IP5,4,63,C:\Users\lit\Desktop\Auditorium\view-IP5\063.jpg
IP5,4,64,C:\Users\lit\Desktop\Auditorium\view-IP5\064.jpg
IP5,4,65,C:\Users\lit\Desktop\Auditorium\view-IP5\065.jpg
IP5,4,66,C:\Users\lit\Desktop\Auditorium\view-IP5\066.jpg
IP5,4,67,C:\Users\lit\Desktop\Auditorium\view-IP5\067.jpg
IP5,4,68,C:\Users\lit\Desktop\Auditorium\view-IP5\068.jpg
IP5,4,69,C:\Users\lit\Desktop\Auditorium\view-IP5\069.jpg
IP5,4,70,C:\Users\lit\Desktop\Auditorium\view-IP5\070.jpg
IP5,4,71,C:\Users\lit\Desktop\Auditorium\view-IP5\071.jpg
IP5,4,72,C:\Users\lit\Desktop\Auditorium\view-IP5\072.jpg
IP5,4,73,C:\Users\lit\Desktop\Auditorium\view-IP5\073.jpg
IP5,4,74,C:\Users\lit\Desktop\Auditorium\view-IP5\074.jpg
IP5,4,75,C:\Users\lit\Desktop\Auditorium\view-IP5\075.jpg
IP5,4,76,C:\Users\lit\Desktop\Auditorium\view-IP5\076.jpg
IP5,4,77,C:\Users\lit\Desktop\Auditorium\view-IP5\077.jpg
IP5,4,78,C:\Users\lit\Desktop\Auditorium\view-IP5\078.jpg
IP5,4,79,C:\Users\lit\Desktop\Auditorium\view-IP5\079.jpg
IP5,4,80,C:\Users\lit\Desktop\Auditorium\view-IP5\080.jpg
IP5,4,81,C:\Users\lit\Desktop\Auditorium\view-IP5\081.jpg
IP5,4,82,C:\Users\lit\Desktop\Auditorium\view-IP5\082.jpg
IP5,4,83,C:\Users\lit\Desktop\Auditorium\view-IP5\083.jpg
IP5,4,84,C:\Users\lit\Desktop\Auditorium\view-IP5\084.jpg
IP5,4,85,C:\Users\lit\Desktop\Auditorium\view-IP5\085.jpg
IP5,4,86,C:\Users\lit\Desktop\Auditorium\view-IP5\086.jpg
IP5,4,87,C:\Users\lit\Desktop\Auditorium\view-IP5\087.jpg
IP5,4,88,C:\Users\lit\Desktop\Auditorium\view-IP5\088.jpg
IP5,4,89,C:\Users\lit\Desktop\Auditorium\view-IP5\089.jpg
IP5,4,90,C:\Users\lit\Desktop\Auditorium\view-IP5\090.jpg
IP5,4,91,C:\Users\lit\Desktop\Auditorium\view-IP5\091.jpg
IP5,4,92,C:\Users\lit\Desktop\Auditorium\view-IP5\092.jpg
IP5,4,93,C:\Users\lit\Desktop\Auditorium\view-IP5\093.jpg
IP5,4,94,C:\Users\lit\Desktop\Auditorium\view-IP5\094.jpg
IP5,4,95,C:\Users\lit\Desktop\Auditorium\view-IP5\095.jpg
IP5,4,96,C:\Users\lit\Desktop\Auditorium\view-IP5\096.jpg
IP5,4,97,C:\Users\lit\Desktop\Auditorium\view-IP5\097.jpg
IP5,4,98,C:\Users\lit\Desktop\Auditorium\view-IP5\098.jpg
IP5,4,99,C:\Users\lit\Desktop\Auditorium\view-IP5\099.jpg
IP5,4,100,C:\Users\lit\Desktop\Auditorium\view-IP5\100.jpg
IP5,4,101,C:\Users\lit\Desktop\Auditorium\view-IP5\101.jpg
IP5,4,102,C:\Users\lit\Desktop\Auditorium\view-IP5\102.jpg
IP5,4,103,C:\Users\lit\Desktop\Auditorium\view-IP5\103.jpg
IP5,4,104,C:\Users\lit\Desktop\Auditorium\view-IP5\104.jpg
IP5,4,105,C:\Users\lit\Desktop\Auditorium\view-IP5\105.jpg
IP5,4,106,C:\Users\lit\Desktop\Auditorium\view-IP5\106.jpg
IP5,4,107,C:\Users\lit\Desktop\Auditorium\view-IP5\107.jpg
IP5,4,108,C:\Users\lit\Desktop\Auditorium\view-IP5\108.jpg
IP5,4,109,C:\Users\lit\Desktop\Auditorium\view-IP5\109.jpg
IP5,4,110,C:\Users\lit\Desktop\Auditorium\view-IP5\110.jpg
IP5,4,111,C:\Users\lit\Desktop\Auditorium\view-IP5\111.jpg
IP5,4,112,C:\Users\lit\Desktop\Auditorium\view-IP5\112.jpg
IP5,4,113,C:\Users\lit\Desktop\Auditorium\view-IP5\113.jpg
IP5,4,114,C:\Users\lit\Desktop\Auditorium\view-IP5\114.jpg
IP5,4,115,C:\Users\lit\Desktop\Auditorium\view-IP5\115.jpg
IP5,4,116,C:\Users\lit\Desktop\Auditorium\view-IP5\116.jpg
IP5,4,117,C:\Users\lit\Desktop\Auditorium\view-IP5\117.jpg
IP5,4,118,C:\Users\lit\Desktop\Auditorium\view-IP5\118.jpg
IP5,4,119,C:\Users\lit\Desktop\Auditorium\view-IP5\119.jpg
IP5,4,120,C:\Users\lit\Desktop\Auditorium\view-IP5\120.jpg
IP5,4,121,C:\Users\lit\Desktop\Auditorium\view-IP5\121.jpg
IP5,4,122,C:\Users\lit\Desktop\Auditorium\view-IP5\122.jpg
IP5,4,123,C:\Users\lit\Desktop\Auditorium\view-IP5\123.jpg
IP5,4,124,C:\Users\lit\Desktop\Auditorium\view-IP5\124.jpg
IP5,4,125,C:\Users\lit\Desktop\Auditorium\view-IP5\125.jpg
IP5,4,126,C:\Users\lit\Desktop\Auditorium\view-IP5\126.jpg
IP5,4,127,C:\Users\lit\Desktop\Auditorium\view-IP5\127.jpg
IP5,4,128,C:\Users\lit\Desktop\Auditorium\view-IP5\128.jpg
IP5,4,129,C:\Users\lit\Desktop\Auditorium\view-IP5\129.jpg
IP5,4,130,C:\Users\lit\Desktop\Auditorium\view-IP5\130.jpg
IP5,4,131,C:\Users\lit\Desktop\Auditorium\view-IP5\131.jpg
IP5,4,132,C:\Users\lit\Desktop\Auditorium\view-IP5\132.jpg
IP5,4,133,C:\Users\lit\Desktop\Auditorium\view-IP5\133.jpg
IP5,4,134,C:\Users\lit\Desktop\Auditorium\view-IP5\134.jpg
IP5,4,135,C:\Users\lit\Desktop\Auditorium\view-IP5\135.jpg
IP5,4,136,C:\Users\lit\Desktop\Auditorium\view-IP5\136.jpg
IP5,4,137,C:\Users\lit\Desktop\Auditorium\view-IP5\137.jpg
IP5,4,138,C:\Users\lit\Desktop\Auditorium\view-IP5\138.jpg
IP5,4,139,C:\Users\lit\Desktop\Auditorium\view-IP5\139.jpg
IP5,4,140,C:\Users\lit\Desktop\Auditorium\view-IP5\140.jpg
IP5,4,141,C:\Users\lit\Desktop\Auditorium\view-IP5\141.jpg
IP5,4,142,C:\Users\lit\Desktop\Auditorium\view-IP5\142.jpg
IP5,4,143,C:\Users\lit\Desktop\Auditorium\view-IP5\143.jpg
IP5,4,144,C:\Users\lit\Desktop\Auditorium\view-IP5\144.jpg
IP5,4,145,C:\Users\lit\Desktop\Auditorium\view-IP5\145.jpg
IP5,4,146,C:\Users\lit\Desktop\Auditorium\view-IP5\146.jpg
IP5,4,147,C:\Users\lit\Desktop\Auditorium\view-IP5\147.jpg
IP5,4,148,C:\Users\lit\Desktop\Auditorium\view-IP5\148.jpg
IP5,4,149,C:\Users\lit\Desktop\Auditorium\view-IP5\149.jpg
IP5,4,150,C:\Users\lit\Desktop\Auditorium\view-IP5\150.jpg
IP5,4,151,C:\Users\lit\Desktop\Auditorium\view-IP5\151.jpg
IP5,4,152,C:\Users\lit\Desktop\Auditorium\view-IP5\152.jpg
IP5,4,153,C:\Users\lit\Desktop\Auditorium\view-IP5\153.jpg
IP5,4,154,C:\Users\lit\Desktop\Auditorium\view-IP5\154.jpg
IP5,4,155,C:\Users\lit\Desktop\Auditorium\view-IP5\155.jpg
IP5,4,156,C:\Users\lit\Desktop\Auditorium\view-IP5\156.jpg
IP5,4,157,C:\Users\lit\Desktop\Auditorium\view-IP5\157.jpg
IP5,4,158,C:\Users\lit\Desktop\Auditorium\view-IP5\158.jpg
IP5,4,159,C:\Users\lit\Desktop\Auditorium\view-IP5\159.jpg
IP5,4,160,C:\Users\lit\Desktop\Auditorium\view-IP5\160.jpg
IP5,4,161,C:\Users\lit\Desktop\Auditorium\view-IP5\161.jpg
IP5,4,162,C:\Users\lit\Desktop\Auditorium\view-IP5\162.jpg
IP5,4,163,C:\Users\lit\Desktop\Auditorium\view-IP5\163.jpg
IP5,4,164,C:\Users\lit\Desktop\Auditorium\view-IP5\164.jpg
IP5,4,165,C:\Users\lit\Desktop\Auditorium\view-IP5\165.jpg
IP5,4,166,C:\Users\lit\Desktop\Auditorium\view-IP5\166.jpg
IP5,4,167,C:\Users\lit\Desktop\Auditorium\view-IP5\167.jpg
IP5,4,168,C:\Users\lit\Desktop\Auditorium\view-IP5\168.jpg
IP5,4,169,C:\Users\lit\Desktop\Auditorium\view-IP5\169.jpg
IP5,4,170,C:\Users\lit\Desktop\Auditorium\view-IP5\170.jpg
IP5,4,171,C:\Users\lit\Desktop\Auditorium\view-IP5\171.jpg
IP5,4,172,C:\Users\lit\Desktop\Auditorium\view-IP5\172.jpg
IP5,4,173,C:\Users\lit\Desktop\Auditorium\view-IP5\173.jpg
IP5,4,174,C:\Users\lit\Desktop\Auditorium\view-IP5\174.jpg
IP5,4,175,C:\Users\lit\Desktop\Auditorium\view-IP5\175.jpg
IP5,4,176,C:\Users\lit\Desktop\Auditorium\view-IP5\176.jpg
IP5,4,177,C:\Users\lit\Desktop\Auditorium\view-IP5\177.jpg
IP5,4,178,C:\Users\lit\Desktop\Auditorium\view-IP5\178.jpg
IP5,4,179,C:\Users\lit\Desktop\Auditorium\view-IP5\179.jpg
IP5,4,180,C:\Users\lit\Desktop\Auditorium\view-IP5\180.jpg
IP5,4,181,C:\Users\lit\Desktop\Auditorium\view-IP5\181.jpg
IP5,4,182,C:\Users\lit\Desktop\Auditorium\view-IP5\182.jpg
